n,id,t,x,y,label
"1","c827a6",2020-06-01 05:52:50.000000,19206847.602755833,-5385895.710376742,"01-sailing"
